Title,Published
"ICICI Bank rises Thursday, still underperforms market - MarketWatch","Thu, 04 Jan 2024 10:31:00 GMT"
Icici Bank share price Today Live Updates : ICICI Bank sees positive trading day | Mint - Mint,"Thu, 04 Jan 2024 10:01:31 GMT"
"ICICI Bank Share Price Today Live Updates: ICICI Bank Sees Slight Increase in Current Price, SMA3 at Rs 984.4 - Economic Times","Thu, 04 Jan 2024 09:15:34 GMT"
"ICICI Bank Outlook for the Week (January 01, 2024 - January 05, 2024) - EquityPandit","Thu, 04 Jan 2024 08:57:54 GMT"
India's ICICI Bank climbs on record Q2 profit - Reuters,"Sun, 22 Oct 2023 07:00:00 GMT"
"ICICI Bank falls Tuesday, underperforms market - MarketWatch","Tue, 02 Jan 2024 10:31:00 GMT"
ICICI Bank Canada launches 'Money2India (Canada)' mobile banking app - Yahoo Finance,"Mon, 23 Oct 2023 07:00:00 GMT"
"Buy ICICI Bank, target price Rs 1250: Axis Securities - The Economic Times","Tue, 02 Jan 2024 04:09:24 GMT"
"Axis Bank, ICICI Bank, IndusInd Bank, SBI, Bandhan Bank remain top picks for Jefferies in Banking sector - The Financial Express","Thu, 04 Jan 2024 07:41:04 GMT"
An excellent week for ICICI Bank Limited's (NSE:ICICIBANK) institutional owners who own 76% as one-year returns inch higher - Simply Wall St,"Thu, 07 Dec 2023 08:00:00 GMT"
"ICICI Bank-Videocon case: SC adjourns CBI plea against bail to Chanda Kochhar, husband; next hearing on Jan 12 | Mint - Mint","Wed, 03 Jan 2024 16:00:50 GMT"
"ICICI Bank Stocks Updates: ICICI Bank Sees Slight Gain in Stock Price, Beta Reflects Market Sensitivity - Economic Times","Wed, 03 Jan 2024 12:30:20 GMT"
"ICICI Bank rises Wednesday, outperforms market - MarketWatch","Wed, 03 Jan 2024 10:31:00 GMT"
"Latest loan interest rates of ICICI Bank, PNB, Bank of India and Yes Bank - The Economic Times","Tue, 02 Jan 2024 07:30:00 GMT"
India's ICICI Bank beats estimates with record April-June net profit - Reuters,"Sat, 22 Jul 2023 07:00:00 GMT"
5 Reasons to Invest in ICICI Bank (IBN) Stock Right Now - Yahoo Finance,"Mon, 21 Aug 2023 07:00:00 GMT"
"FD rate hikes: Latest fixed deposit rates by 6 major lenders including SBI, HDFC Bank and ICICI Bank | Mint - Mint","Wed, 03 Jan 2024 13:39:30 GMT"
"ICICI Bank Stocks Updates: ICICI Bank Closes at Rs 982.2, Registers 1.72% Decline - Economic Times","Tue, 02 Jan 2024 12:30:23 GMT"
ICICI Bank outperforms competitors on strong trading day - MarketWatch,"Mon, 01 Jan 2024 10:31:00 GMT"
"Icici Bank share price Today Live Updates : Icici Bank closed today at ₹984.25, up 0.22% from yesterday's ₹982.1 | Mint - Mint","Wed, 03 Jan 2024 13:05:45 GMT"
"India's ICICI Bank, Kotak Mahindra Bank fined by cenbank - Reuters India","Tue, 17 Oct 2023 07:00:00 GMT"
ICICI Bank Share Price Today Live Updates: ICICI Bank Trades at Rs 1004.5 with 0.79% Change Today and SM... - Economic Times,"Mon, 01 Jan 2024 12:30:08 GMT"
We Ran A Stock Scan For Earnings Growth And ICICI Bank (NSE:ICICIBANK) Passed With Ease - Simply Wall St,"Thu, 02 Nov 2023 07:00:00 GMT"
"Zacks Industry Outlook Highlights Mitsubishi UFJ Financial, ICICI Bank and UBS Group - Yahoo Finance","Fri, 03 Nov 2023 07:00:00 GMT"
"Icici Bank share price Today Live Updates : Icici Bank closed today at ₹982.1, down -1.91% from yesterday's ₹1001.25 | Mint - Mint","Tue, 02 Jan 2024 13:12:59 GMT"
Top private Indian banks report strong Q2 profit rise as loan growth continues - Reuters,"Sat, 21 Oct 2023 07:00:00 GMT"
Options Trade | A non-directional options strategy in ICICI Bank - Moneycontrol,"Fri, 29 Dec 2023 01:03:13 GMT"
"Icici Bank share price Today Live Updates : Icici Bank closed today at ₹1001.25, up 0.48% from yesterday's ₹996.45 | Mint - Mint","Mon, 01 Jan 2024 13:00:44 GMT"
ICICI Bank Profit Rises More Than Expected on Retail Loan Demand - Bloomberg,"Sat, 21 Oct 2023 07:00:00 GMT"
"Stocks to buy this week: ICICI Bank, Kotak Mahindra Bank, YES Bank, Wipro, Tata Steel among 9 technical picks | Mint - Mint","Mon, 18 Dec 2023 08:00:00 GMT"
"While shareholders of ICICI Bank (NSE:ICICIBANK) are in the black over 5 years, those who bought a week ago aren't so fortunate - Simply Wall St","Thu, 28 Sep 2023 07:00:00 GMT"
SC adjourns hearing on CBI's plea against interim bail to ex-ICICI bank chief Chanda Kochhar - Daijiworld.com,"Wed, 03 Jan 2024 10:53:11 GMT"
"ICICI Bank Share Price Today Live Updates: ICICI Bank Sees 1.02% Decline in Current Price, 1-Month Retur... - Economic Times","Fri, 29 Dec 2023 12:30:09 GMT"
"Top Research Reports for Verizon, ICICI Bank & MercadoLibre - Yahoo Finance","Fri, 04 Aug 2023 07:00:00 GMT"
ICICI Bank's (NSE:ICICIBANK) Shareholders Will Receive A Bigger Dividend Than Last Year - Simply Wall St,"Thu, 03 Aug 2023 07:00:00 GMT"
ICICI Bank (IBN) Q1 Earnings Increase on Rising NII & Loans - Yahoo Finance,"Mon, 24 Jul 2023 07:00:00 GMT"
ICICI Bank stock hits new record high; is there more rally ahead? | Mint - Mint,"Tue, 05 Dec 2023 08:00:00 GMT"
Chanda Kochhar moves HC over prosecution sanction by ICICI bank board - Moneycontrol,"Mon, 18 Dec 2023 08:00:00 GMT"
"Adani Ports, ICICI Bank, JSW Energy, Bharti Airtel shares among Jefferies' top India 2024 picks - Business Today","Tue, 02 Jan 2024 04:11:23 GMT"
"BMC, ICICI Bank Join Hands for Child Welfare; Water Purifiers Provided to 273 Anganwadi Centres - Pragativadi","Wed, 03 Jan 2024 16:25:29 GMT"
"Icici Bank. Share Price Today, Stock Price, Live BSE/NSE Prices and News for Icici Bank - NDTV Profit","Fri, 08 Dec 2023 11:57:33 GMT"
Breakingviews - ICICI Bank is dealmaking from a place of strength - Reuters,"Mon, 26 Jun 2023 07:00:00 GMT"
ICICI Bank's meteoric rise: Here's how the bank under MD & CEO Sandeep Bakhshi climbed up the BT500 list - Business Today,"Mon, 27 Nov 2023 08:00:00 GMT"
"Stocks to buy this week: ICICI Bank, Kotak Mahindra Bank, IndiGo, Voltas among 12 technical picks; do you own any? | Mint - Mint","Mon, 11 Dec 2023 08:00:00 GMT"
"The Zacks Analyst Blog Highlights Verizon Communications, ICICI Bank, MercadoLibre, O'Reilly Automotive and ... - Yahoo Finance","Mon, 07 Aug 2023 07:00:00 GMT"
"ICICI Bank share price gains after better than estimated Q2 results; should you buy, sell or hold? | Mint - Mint","Mon, 23 Oct 2023 07:00:00 GMT"
ICICI Bank and Kotak Mahindra Bank hit with hefty GST demand notices - CNBCTV18,"Thu, 28 Dec 2023 11:46:02 GMT"
"ICICI Bank Stocks Live Updates: ICICI Bank Sees a Slight Decline in Price, SMA5 at Rs 999.15 - Economic Times","Thu, 28 Dec 2023 12:30:37 GMT"
"ICICI Bank Stocks Live Updates: ICICI Bank Sees a Slight Dip in Price Today, but Shows Strong 1-Month Returns - Economic Times","Tue, 19 Dec 2023 08:00:00 GMT"
India's ICICI Lombard jumps as ICICI Bank approves raising stake - Reuters.com,"Sun, 28 May 2023 07:00:00 GMT"
"Sensex, Nifty Trade Low As Infosys, ICICI Bank, SBI Decline: Midday Market Update - NDTV Profit","Fri, 29 Dec 2023 07:22:54 GMT"
ICICI Bank (IBN) Q4 Earnings Rise on Higher Loan Demand - Yahoo Finance,"Mon, 24 Apr 2023 07:00:00 GMT"
ICICI Bank gets approval from Indian bourses for delisting of ICICI Securities shares | Mint - Mint,"Wed, 29 Nov 2023 08:00:00 GMT"
"Icici Bank share price Today Live Updates : Icici Bank closed today at ₹996.45, down -0.89% from yesterday's ₹1005.4 | Mint - Mint","Fri, 29 Dec 2023 13:08:56 GMT"
"RIL, TCS, ICICI Bank top wealth creators between 2018 and '23, finds study - Business Today","Tue, 19 Dec 2023 08:00:00 GMT"
ICICI Bank and Kotak Mahindra Bank hit with hefty GST demand notices - A2Z Taxcorp LLP,"Fri, 29 Dec 2023 05:04:50 GMT"
"Stocks to Watch: Zee Entertainment, ICICI Bank, UltraTech Cement, BSE | Mint - Mint","Thu, 21 Dec 2023 08:00:00 GMT"
"ICICI Bank Outlook for the Week (December 25, 2023 - December 29, 2023) - EquityPandit","Fri, 22 Dec 2023 15:55:38 GMT"
Analyst call tracker: ICICI Bank top pick in banking space; Kotak Mahindra least favourite - Moneycontrol,"Tue, 12 Dec 2023 08:00:00 GMT"
"Stocks to buy: ICICI Bank, IndusInd Bank, BoB among Motilal Oswal’s top picks in financial services sector | Mint - Mint","Fri, 06 Oct 2023 07:00:00 GMT"
"Stocks to Watch: PNB, ICICI Bank, Kotak Mahindra Bank, ICICI AMC and more - CNBCTV18","Fri, 29 Dec 2023 01:33:24 GMT"
ICICI Bank stock check: Is now a good time to buy the private sector lender's shares? | Mint - Mint,"Thu, 02 Nov 2023 07:00:00 GMT"
"Buzzing Stocks: Mazagon Dock, ICICI Bank, BSE, Embassy, and others in the news - Moneycontrol","Thu, 21 Dec 2023 08:00:00 GMT"
"SBI, ICICI Bank and HDFC Bank remained too big to fail banks in 2023 - Moneycontrol","Thu, 28 Dec 2023 11:29:01 GMT"
ICICI Bank Q2 Results Preview: Net profit likely to rise 25% YoY; margins to remain stable | Mint - Mint,"Sat, 21 Oct 2023 07:00:00 GMT"
"ICICI Bank, Axis Bank, Coal India, L&T feature amongst top 27 picks by Jefferies | Mint - Mint","Wed, 22 Nov 2023 08:00:00 GMT"
"ICICI Bank, RBL Bank, Federal Bank: Trading Strategies for these buzzing banking stocks - Business Today","Thu, 14 Dec 2023 08:00:00 GMT"
Stock in focus: ICICI Bank share price likely to be in focus as it buys a 10% stake in Quantum CorpHealth | Mint - Mint,"Fri, 22 Sep 2023 07:00:00 GMT"
"ICICI Bank, Infosys, ITC: Key support and resistance levels for these largecap stocks - Business Today","Wed, 27 Dec 2023 02:21:14 GMT"
How ICICI Bank customers can make payments using the digital rupee app | Mint - Mint,"Thu, 02 Nov 2023 07:00:00 GMT"
"Nifty quarterly rejig today: Bajaj Finance, HDFC Bank, ICICI Bank to see most inflows - Moneycontrol","Thu, 28 Dec 2023 07:23:38 GMT"
"Ex-Boss Of ICICI Bank, Chanda Kochhar In Trouble Again As Police Register Case Against Her, 10 Others For - Free Press Journal","Sat, 30 Dec 2023 13:22:45 GMT"
These 9 Banks Hiked Interest Rates On Fixed Deposits In December 2023; Check Revised FD Rates - NDTV Profit,"Fri, 29 Dec 2023 11:15:19 GMT"
"Stocks to Watch: HDFC Bank, Maruti Suzuki, Bajaj Finserv, Vedanta, ICICI Bank | Mint - Mint","Wed, 04 Oct 2023 07:00:00 GMT"
"HDFC Bank, Kotak Mahindra Bank trade flat, ICICI Bank down on RBI's risk-weight mandate - Moneycontrol","Tue, 21 Nov 2023 08:00:00 GMT"
"ICICI Bank, BoB: Favourable valuation, increased FII inflow to drive banking sector outperformance ahead - Zee Business","Thu, 28 Dec 2023 07:53:21 GMT"
ICICI Bank shares are among top gainers after an increase in target price for the stock - CNBCTV18,"Mon, 23 Oct 2023 07:00:00 GMT"
"ICICI Bank Q2 results: PAT soars 36% YoY to Rs 10,261 crore, NII grows 24% - The Economic Times","Sat, 21 Oct 2023 07:00:00 GMT"
RBI slaps record Rs 12 crore fine on ICICI Bank over lapses - IndiaTimes,"Wed, 18 Oct 2023 07:00:00 GMT"
InCred Equities prefers HDFC Bank over ICICI Bank; here's why | Mint - Mint,"Wed, 18 Oct 2023 07:00:00 GMT"
Nifty Bank hits new record high as market surges sharply; ICICI Bank top gainer | Mint - Mint,"Mon, 04 Dec 2023 08:00:00 GMT"
"Buzzing Stocks: ICICI Bank, Bajaj Finance, L&T, Kotak Securities, Tata, others in news - Moneycontrol","Wed, 18 Oct 2023 07:00:00 GMT"
"Icici Bank share price Today Live Updates : Icici Bank closed today at ₹995.1, up 0.13% from yesterday's ₹993.85 | Mint - Mint","Tue, 26 Dec 2023 13:14:20 GMT"
Bombay HC seeks CBI’s reply to Chanda Kochhar’s plea against ICICI Bank’s nod to prosecute her - The Indian Express,"Tue, 19 Dec 2023 08:00:00 GMT"
ICICI Bank may gain on RBI nod to make ICICI Securities a wholly-owned subsidiary - Moneycontrol,"Fri, 10 Nov 2023 08:00:00 GMT"
"ICICI Bank Q2 PAT up 36% on strong loan growth, better asset quality - BusinessLine","Sat, 21 Oct 2023 07:00:00 GMT"
"Dividend Stocks: ICICI Bank, Power Grid, Bharti Airtel, among others to trade ex-dividend next week; check details | Mint - Mint","Sat, 05 Aug 2023 07:00:00 GMT"
"ICICI Bank raises Rs 4,000 crore through bonds to fund business growth - Business Standard","Tue, 03 Oct 2023 07:00:00 GMT"
"Stocks to watch out for today: ICICI Bank, UltraTech Cement, Cochin Shipyard, Mazagon Dock and more - Business Today","Thu, 21 Dec 2023 08:00:00 GMT"
"ICICI Bank raises Rs 4,000 crore to fund growth, stock falls 1% - Moneycontrol","Wed, 04 Oct 2023 07:00:00 GMT"
"ICICI Bank, Kotak Mahindra Bank, Yes Bank among other banking stocks in focus after Q2 results | Mint - Mint","Mon, 23 Oct 2023 07:00:00 GMT"
"Sanjiv Bhasin top picks, stock recommendations for 2024: ICICI Bank, Ashok Leyland, Paytm, Wipro and DCB Bank ... - ET Now","Mon, 01 Jan 2024 05:38:26 GMT"
"Icici Bank share price Today Live Updates : Icici Bank closed today at ₹1001.75, up 0.67% from yesterday's ₹995.1 | Mint - Mint","Wed, 27 Dec 2023 13:09:33 GMT"
"Paytm, SBI, Axis, ICICI, Kotak Bank, HDFC Bank shares: Bernstein sees up to 47% upside. Here's why - Business Today","Wed, 03 Jan 2024 07:55:49 GMT"
ICICI Bank gets RBI approval to re-appoint Sandeep Batra as ED - Moneycontrol,"Wed, 20 Dec 2023 08:00:00 GMT"
"ICICI Bank Q2 results strong, but margin challenge remains; should you buy or sell the stock? - Moneycontrol","Mon, 23 Oct 2023 07:00:00 GMT"
"Nomura raises India exposure to 19% from 18.2%; likes RIL, Axis Bank, ICICI Bank | Mint - Mint","Wed, 06 Dec 2023 08:00:00 GMT"
RBI imposes penalties on ICICI Bank and Kotak Mahindra Bank for non-compliance - Hindustan Times,"Tue, 17 Oct 2023 07:00:00 GMT"
"ICICI Bank Q1 results preview: Net profit may rise 32% to ₹9,100 crore; NII growth seen at 34% YoY | Mint - Mint","Fri, 21 Jul 2023 07:00:00 GMT"
"ICICI Bank, Kotak Mahindra Bank get ₹16.14 crore penalty from RBI over violation of banking norms | Mint - Mint","Tue, 17 Oct 2023 07:00:00 GMT"
